"Date Wise Prices for Specified Commodity on December, 2025 for Commodity : Arecanut(Betelnut/Supari), State : Karnataka"
"Commodity : Arecanut(Betelnut/Supari), State : Karnataka"

Arrival Date,Arrivals (Metric Tonnes),Variety,Minimum Price (Rs./Quintal),Maximum Price (Rs./Quintal),Modal Price (Rs./Quintal)
Market Name : Bantwala APMC
02/12/2025,28.1,New Variety,27000.0,41000.0,28800.0
,2.8000000000000003,Cqca,18000.0,27000.0,23800.0
04/12/2025,22.700000000000003,Cqca,18500.0,27000.0,22000.0
,41.5,New Variety,27000.0,41000.0,30700.0
08/12/2025,34.4,New Variety,27000.0,41000.0,29400.0
,31.5,Cqca,18000.0,27000.0,23800.0
Market Name : Belthangdi APMC
12/12/2025,20.700000000000003,New Variety,28500.0,41500.0,30000.0
15/12/2025,24.6,New Variety,25000.0,41000.0,29500.0
,0.1,Other,22000.0,34000.0,27000.0
17/12/2025,3.0,Cqca,15000.0,26000.0,24000.0
,39.900000000000006,New Variety,26000.0,41000.0,29000.0
26/12/2025,25.8,New Variety,25800.0,42000.0,29500.0
29/12/2025,20.3,New Variety,27000.0,41500.0,29500.0
Market Name : Bhadravathi APMC
02/12/2025,295.40000000000003,Other,17100.0,56606.0,23911.0
,2.8000000000000003,Sippegotu,10300.0,10300.0,10300.0
03/12/2025,84.60000000000001,Other,17151.0,28500.0,19791.0
,2.8000000000000003,Churu,11000.0,11000.0,11000.0
,2.6,Sippegotu,10000.0,10000.0,10000.0
04/12/2025,10.8,Other,20500.0,28500.0,23918.0
,2.3000000000000003,Sippegotu,11000.0,11000.0,11000.0
08/12/2025,8.4,Sippegotu,10000.0,11000.0,10557.0
,4.0,Other,20000.0,20000.0,20000.0
09/12/2025,6.800000000000001,Sippegotu,10000.0,10200.0,10082.0
10/12/2025,6.0,Churu,13000.0,13000.0,13000.0
,5.1000000000000005,Sippegotu,11000.0,11000.0,11000.0
,44.2,Other,17500.0,39446.0,19515.0
11/12/2025,14.5,Churu,8000.0,9000.0,8582.0
,56.6,Other,17500.0,17500.0,17500.0
,2.8000000000000003,Sippegotu,10000.0,10000.0,10000.0
12/12/2025,5.6000000000000005,Sippegotu,9000.0,10000.0,9500.0
,27.1,Other,24000.0,28300.0,26174.0
,81.5,Rashi,35199.0,56500.0,53647.0
15/12/2025,13.200000000000001,Sippegotu,10000.0,11000.0,10136.0
,76.60000000000001,Other,17427.0,28400.0,22772.0
16/12/2025,1.5,Churu,15000.0,18000.0,16150.0
,2.0,Sippegotu,10000.0,10000.0,10000.0
17/12/2025,7.800000000000001,Sippegotu,10000.0,11000.0,10365.0
,174.5,Other,17500.0,48677.0,28500.0
18/12/2025,15.600000000000001,Other,28000.0,28500.0,28200.0
,33.1,Churu,7000.0,9000.0,9000.0
19/12/2025,20.0,Churu,9700.0,9700.0,9700.0
,6.300000000000001,Sippegotu,10000.0,11000.0,10000.0
,10.0,Pudi,5000.0,5000.0,5000.0
,6.1000000000000005,Other,28000.0,28200.0,28200.0
22/12/2025,18.5,Sippegotu,10000.0,10000.0,10000.0
,43.2,Other,19500.0,28300.0,28100.0
23/12/2025,38.2,Other,28100.0,30500.0,28100.0
26/12/2025,5.2,Sippegotu,10000.0,10000.0,10000.0
,168.20000000000002,Other,17479.0,28200.0,17479.0
29/12/2025,1.6,Sippegotu,10000.0,10000.0,10000.0
,7.800000000000001,Churu,10000.0,10000.0,10000.0
30/12/2025,43.7,Other,27600.0,42823.0,28200.0
,2.8000000000000003,Sippegotu,10000.0,10000.0,10000.0
,21.5,Rashi,36199.0,57819.0,55490.0
31/12/2025,5.0,Sippegotu,10000.0,11000.0,11000.0
,14.8,Other,28100.0,28300.0,28200.0
Market Name : Chamaraj Nagar APMC
01/12/2025,9.8,Other,10500.0,13000.0,13000.0
10/12/2025,6.5,Other,13000.0,13000.0,13000.0
12/12/2025,2.9000000000000004,Other,13000.0,13000.0,13000.0
13/12/2025,3.6,Other,13000.0,13000.0,13000.0
15/12/2025,7.0,Other,13000.0,13000.0,13000.0
17/12/2025,15.8,Other,13200.0,13200.0,13200.0
19/12/2025,2.6,Other,24000.0,24500.0,24300.0
20/12/2025,6.5,Other,12500.0,12500.0,12500.0
22/12/2025,6.0,Other,13000.0,13000.0,13000.0
24/12/2025,9.200000000000001,Other,13000.0,13100.0,13000.0
26/12/2025,4.3,Other,13000.0,13000.0,13000.0
27/12/2025,12.0,Other,13000.0,13000.0,13000.0
29/12/2025,4.5,Other,13500.0,13500.0,13500.0
Market Name : Channagiri APMC
02/12/2025,348.0,Rashi,56012.0,59219.0,58286.0
04/12/2025,287.90000000000003,Rashi,54259.0,58200.0,57311.0
06/12/2025,286.5,Rashi,51479.0,58099.0,56831.0
11/12/2025,234.70000000000002,Rashi,54312.0,58289.0,55983.0
15/12/2025,313.6,Rashi,53199.0,57300.0,55259.0
16/12/2025,216.9,Rashi,51599.0,59199.0,54409.0
18/12/2025,310.0,Rashi,5100.0,56499.0,53800.0
20/12/2025,268.1,Rashi,52500.0,55700.0,54131.0
23/12/2025,338.1,Rashi,52479.0,55899.0,55064.0
26/12/2025,235.0,Rashi,50012.0,57099.0,55366.0
29/12/2025,315.20000000000005,Rashi,52511.0,57111.0,56079.0
30/12/2025,283.40000000000003,Rashi,56012.0,58359.0,57248.0
Market Name : Chitradurga APMC
06/12/2025,8.0,Rashi,54739.0,55199.0,54989.0
,33.0,Kempugotu,31409.0,31810.0,31600.0
,0.6000000000000001,api,55229.0,55669.0,55449.0
08/12/2025,12.5,Bette,37619.0,38079.0,37849.0
,7.5,Rashi,54429.0,54889.0,54699.0
,28.0,Kempugotu,30609.0,31010.0,30800.0
,0.1,api,54939.0,55369.0,55159.0
11/12/2025,40.0,Kempugotu,30609.0,31010.0,30800.0
,10.0,Bette,36649.0,37099.0,36879.0
,5.5,Rashi,53939.0,54369.0,54189.0
,0.30000000000000004,api,54419.0,54829.0,54659.0
12/12/2025,30.0,Kempugotu,30600.0,31000.0,30800.0
,1.0,Rashi,50700.0,51100.0,50900.0
,30.0,Bette,36600.0,37000.0,36800.0
16/12/2025,40.0,Kempugotu,30600.0,31000.0,30800.0
,20.0,Bette,36649.0,37089.0,36879.0
,0.1,api,54219.0,54629.0,54459.0
,5.0,Rashi,51739.0,54169.0,53999.0
18/12/2025,8.0,Rashi,52239.0,52669.0,52489.0
,0.1,api,52719.0,53129.0,52999.0
,11.0,Bette,35649.0,36079.0,35859.0
,30.0,Kempugotu,29609.0,30010.0,29800.0
20/12/2025,6.0,Rashi,52129.0,52579.0,52359.0
,28.5,Kempugotu,29600.0,30000.0,29800.0
,10.0,Bette,25619.0,36099.0,35849.0
,0.4,api,52639.0,53069.0,52889.0
23/12/2025,28.0,Bette,36600.0,37000.0,36800.0
,0.4,api,53600.0,54000.0,53800.0
,8.0,Rashi,53100.0,53500.0,53300.0
,40.0,Kempugotu,30600.0,31000.0,30800.0
30/12/2025,0.2,api,55600.0,56000.0,55800.0
,2.0,Rashi,55100.0,55500.0,55300.0
,3.0,Bette,36600.0,37000.0,36800.0
,4.4,Kempugotu,31600.0,32000.0,31800.0
Market Name : Davangere APMC
02/12/2025,9.8,Sippegotu,12000.0,12000.0,12000.0
03/12/2025,3.0,Churu,7000.0,7000.0,7000.0
04/12/2025,24.5,Gorabalu,23900.0,23900.0,23900.0
,2.4000000000000004,Sippegotu,12000.0,12000.0,12000.0
,2.0,Churu,7000.0,7000.0,7000.0
09/12/2025,4.6000000000000005,Sippegotu,12000.0,12000.0,12000.0
,36.800000000000004,Rashi,57461.0,57461.0,57461.0
10/12/2025,9.0,Churu,7000.0,7000.0,7000.0
,2.7,Sippegotu,12000.0,12000.0,12000.0
15/12/2025,1.5,Churu,7000.0,7000.0,7000.0
,4.5,Sippegotu,12000.0,12000.0,12000.0
16/12/2025,6.2,Churu,7000.0,7000.0,7000.0
17/12/2025,3.5,Churu,7000.0,7000.0,7000.0
,23.0,Rashi,55524.0,55524.0,55524.0
20/12/2025,2.8000000000000003,Sippegotu,12000.0,12000.0,12000.0
,5.1000000000000005,Rashi,24100.0,52800.0,37604.0
22/12/2025,2.8000000000000003,Sippegotu,12000.0,12000.0,12000.0
23/12/2025,3.5,Churu,7000.0,7000.0,7000.0
24/12/2025,9.5,Sippegotu,12000.0,12000.0,12000.0
26/12/2025,2.7,Sippegotu,12000.0,12000.0,12000.0
29/12/2025,10.5,Gorabalu,18900.0,19000.0,18960.0
,8.8,Sippegotu,12000.0,12000.0,12000.0
,5.0,Churu,7000.0,7000.0,7000.0
31/12/2025,18.2,Churu,9492.0,9492.0,9492.0
Market Name : Hiriyur APMC
11/12/2025,12.200000000000001,Other,25164.0,25164.0,25164.0
13/12/2025,8.0,Other,25500.0,25500.0,25500.0
18/12/2025,2.5,Other,25000.0,25000.0,25000.0
24/12/2025,8.0,Other,25500.0,25500.0,25500.0
29/12/2025,16.5,Other,24516.0,24516.0,24516.0
Market Name : Holalkere APMC
01/12/2025,103.2,Other,25000.0,29000.0,26893.0
02/12/2025,1.7000000000000002,Sippegotu,12000.0,12000.0,12000.0
,79.7,Other,25300.0,30000.0,27267.0
03/12/2025,33.800000000000004,Other,29000.0,29000.0,29000.0
04/12/2025,16.900000000000002,Rashi,56879.0,59300.0,57820.0
,229.8,Other,25200.0,36227.0,32733.0
05/12/2025,82.30000000000001,Other,28000.0,30000.0,28753.0
15/12/2025,32.1,Rashi,56229.0,58200.0,56456.0
,192.20000000000002,Other,24320.0,30000.0,26919.0
16/12/2025,80.30000000000001,Other,25300.0,30000.0,27039.0
17/12/2025,64.10000000000001,Other,25200.0,30000.0,25656.0
18/12/2025,177.20000000000002,Other,24107.0,30000.0,27919.0
19/12/2025,95.10000000000001,Other,25400.0,27743.0,27088.0
20/12/2025,55.1,Other,24840.0,30000.0,27311.0
22/12/2025,125.30000000000001,Other,24273.0,30000.0,26564.0
23/12/2025,208.60000000000002,Other,20000.0,27405.0,24217.0
24/12/2025,16.6,Rashi,51899.0,55600.0,54283.0
,8.0,Other,20000.0,30000.0,29375.0
26/12/2025,67.7,Other,26500.0,30000.0,28005.0
29/12/2025,144.70000000000002,Other,25700.0,30000.0,27198.0
,41.2,Rashi,44000.0,56199.0,53878.0
30/12/2025,60.400000000000006,Other,23200.0,26700.0,26379.0
31/12/2025,19.5,Rashi,52679.0,56199.0,54837.0
,24.5,Other,25000.0,25000.0,25000.0
Market Name : Honnali APMC
06/12/2025,4.800000000000001,Rashi,31000.0,31600.0,31250.0
08/12/2025,5.7,Rashi,56312.0,56399.0,56366.0
,5.5,Sippegotu,10000.0,10700.0,10382.0
,10.0,EDI,26500.0,28000.0,27550.0
09/12/2025,3.0,Rashi,56700.0,56700.0,56700.0
,3.7,EDI,25400.0,37900.0,26142.0
,2.4000000000000004,Sippegotu,10300.0,10300.0,10300.0
10/12/2025,2.8000000000000003,Sippegotu,10000.0,10000.0,10000.0
,0.7000000000000001,Rashi,55333.0,55333.0,55333.0
11/12/2025,2.0,Sippegotu,10000.0,10000.0,10000.0
,1.8,EDI,34500.0,34500.0,34500.0
,1.3,Rashi,54000.0,54000.0,54000.0
12/12/2025,6.1000000000000005,EDI,25000.0,25600.0,25571.0
,5.0,Rashi,53199.0,55399.0,53499.0
13/12/2025,25.3,EDI,20000.0,28000.0,24618.0
15/12/2025,2.8000000000000003,Sippegotu,10000.0,10000.0,10000.0
,1.5,Rashi,53399.0,56800.0,54590.0
16/12/2025,2.8000000000000003,Sippegotu,10000.0,10000.0,10000.0
17/12/2025,2.0,Rashi,55099.0,55281.0,55142.0
,6.0,Sippegotu,10000.0,10000.0,10000.0
19/12/2025,3.0,EDI,25500.0,25500.0,25500.0
20/12/2025,3.2,EDI,25000.0,25000.0,25000.0
22/12/2025,1.0,Rashi,53666.0,54699.0,54047.0
,30.200000000000003,EDI,27000.0,27200.0,27037.0
23/12/2025,6.0,Sippegotu,10000.0,10000.0,10000.0
,14.4,EDI,26500.0,28000.0,26809.0
24/12/2025,0.8,Sippegotu,10000.0,10000.0,10000.0
,1.2000000000000002,Rashi,55199.0,55199.0,55199.0
,40.2,EDI,24400.0,27200.0,25487.0
25/12/2025,70.2,EDI,27000.0,28500.0,27386.0
26/12/2025,0.8,Rashi,54799.0,56099.0,55730.0
27/12/2025,3.0,Sippegotu,10000.0,10000.0,10000.0
28/12/2025,2.4000000000000004,Sippegotu,12000.0,12000.0,12000.0
,11.700000000000001,EDI,25100.0,27500.0,26724.0
29/12/2025,2.2,Sippegotu,12000.0,12000.0,12000.0
,2.4000000000000004,Rashi,55750.0,56681.0,56247.0
30/12/2025,7.2,EDI,25000.0,25000.0,25000.0
,4.2,Sippegotu,10000.0,16100.0,14557.0
31/12/2025,6.6000000000000005,Sippegotu,10000.0,10300.0,10187.0
,5.6000000000000005,EDI,27000.0,27000.0,27000.0
,2.6,Rashi,56812.0,56812.0,56812.0
Market Name : Hunsur APMC
20/12/2025,6.9,Raw,25300.0,25300.0,25300.0
25/12/2025,9.0,Raw,25200.0,25200.0,25200.0
Market Name : K.R. Pet APMC
04/12/2025,3.6,Sippegotu,13000.0,13000.0,13000.0
15/12/2025,9.8,Sippegotu,10000.0,10000.0,10000.0
18/12/2025,2900.0,Sippegotu,10000.0,10000.0,10000.0
,2.2,Pudi,10000.0,10000.0,10000.0
Market Name : Karkala APMC
19/12/2025,0.7000000000000001,New Variety,26000.0,41500.0,30500.0
Market Name : Koppa APMC
15/12/2025,0.30000000000000004,Rashi,36705.0,54005.0,48005.0
18/12/2025,17.1,Gorabalu,28520.0,28680.0,28600.0
,0.1,Rashi,53505.0,60005.0,55000.0
19/12/2025,0.30000000000000004,Rashi,36505.0,53505.0,39005.0
22/12/2025,11.600000000000001,Gorabalu,27200.0,27200.0,27200.0
,0.30000000000000004,Rashi,53505.0,54005.0,54000.0
23/12/2025,0.6000000000000001,Gorabalu,36699.0,37199.0,37000.0
,0.2,Bette,60699.0,62599.0,62000.0
,0.2,Saraku,76009.0,91070.0,85199.0
,1.6,Rashi,53569.0,55199.0,54499.0
25/12/2025,10.3,Gorabalu,26880.0,27300.0,26960.0
29/12/2025,18.1,Gorabalu,25000.0,27012.0,26666.0
,0.2,Rashi,56505.0,56505.0,56505.0
30/12/2025,0.30000000000000004,Saraku,71009.0,82629.0,82000.0
,0.6000000000000001,Gorabalu,36699.0,40654.0,37109.0
,1.3,Rashi,55905.0,56005.0,56000.0
31/12/2025,0.1,Saraku,62199.0,84629.0,69629.0
,0.9,Bette,58009.0,65399.0,63299.0
,26.5,Gorabalu,16172.0,38321.0,37199.0
,8.5,Rashi,37000.0,57900.0,56899.0
Market Name : Kumta APMC
01/12/2025,3.0,Cqca,11099.0,30129.0,25719.0
,32.5,Chali,43099.0,48509.0,46749.0
,7.2,Factory,5069.0,23389.0,20649.0
,2.5,Ripe,34029.0,37515.0,35839.0
,5.0,Chippu,24569.0,34299.0,30629.0
03/12/2025,4.0,Factory,4599.0,23629.0,20199.0
,3.0,Cqca,12099.0,31199.0,29749.0
,30.0,Chali,43999.0,48199.0,45859.0
,2.7,Ripe,33569.0,37319.0,36349.0
,5.0,Chippu,25029.0,34899.0,31629.0
04/12/2025,0.8,Ripe,31069.0,37269.0,35769.0
,0.4,Cqca,12099.0,34169.0,30629.0
,5.9,Chali,35089.0,48319.0,47477.0
,0.6000000000000001,Chippu,12369.0,36779.0,33849.0
09/12/2025,1.7000000000000002,Chali,42306.0,45693.0,43789.0
10/12/2025,20.0,Chali,41569.0,46979.0,44659.0
,4.0,Chippu,24269.0,33869.0,30689.0
,2.0,Cqca,11089.0,29999.0,27649.0
,4.5,Factory,6059.0,23629.0,20799.0
,3.0,Ripe,33019.0,37613.0,35839.0
11/12/2025,5.9,Chali,35100.0,47019.0,43679.0
,0.7000000000000001,Chippu,12630.0,35371.0,32769.0
,0.30000000000000004,Cqca,11100.0,29270.0,26749.0
,0.9,Ripe,23610.0,36389.0,34729.0
12/12/2025,2.0,Cqca,11569.0,30099.0,29879.0
,7.0,Factory,6999.0,23269.0,20399.0
,4.0,Chippu,25629.0,33569.0,31649.0
,20.0,Chali,42569.0,46899.0,44769.0
,4.1000000000000005,Ripe,33029.0,37655.0,35061.0
15/12/2025,3.8000000000000003,Factory,6569.0,23629.0,20899.0
,17.0,Chali,40099.0,47009.0,45749.0
,2.5,Cqca,12569.0,32019.0,29879.0
,2.5,Chippu,25869.0,34899.0,30629.0
,3.0,Ripe,33569.0,38533.0,36769.0
16/12/2025,0.9,Chali,37890.0,44409.0,43912.0
17/12/2025,5.0,Ripe,32869.0,39017.0,36879.0
,2.8000000000000003,Chippu,26269.0,35019.0,32649.0
,2.0,Cqca,12509.0,28029.0,25749.0
,3.5,Factory,6590.0,23829.0,20359.0
,15.0,Chali,42089.0,47403.0,45679.0
18/12/2025,1.0,Chippu,15001.0,36609.0,32749.0
,5.9,Chali,42299.0,47119.0,45869.0
,0.9,Ripe,30799.0,37219.0,34729.0
,0.4,Cqca,10569.0,31899.0,29759.0
19/12/2025,3.0,Chippu,26099.0,35099.0,31629.0
,5.0,Ripe,34029.0,39097.0,37489.0
,2.0,Cqca,12569.0,30009.0,27689.0
,12.700000000000001,Chali,42999.0,47199.0,45389.0
,3.0,Factory,10189.0,24629.0,21819.0
20/12/2025,0.1,Chali,41305.0,41305.0,41305.0
22/12/2025,3.0,Chippu,26569.0,34899.0,31769.0
,4.0,Ripe,34201.0,39389.0,37869.0
,14.700000000000001,Chali,42089.0,47299.0,45749.0
,5.5,Factory,7089.0,24869.0,21879.0
,2.0,Cqca,11089.0,29999.0,25439.0
23/12/2025,0.1,Chali,41305.0,41305.0,41305.0
24/12/2025,3.0,Chippu,27029.0,35029.0,31829.0
,3.5,Factory,9099.0,24829.0,22679.0
,2.5,Cqca,12089.0,30009.0,25679.0
,15.0,Chali,42389.0,47101.0,45719.0
,5.0,Ripe,33869.0,39129.0,36849.0
26/12/2025,6.2,Factory,6809.0,24829.0,21769.0
,12.700000000000001,Chali,43389.0,47109.0,45389.0
,4.0,Chippu,26029.0,34909.0,31879.0
,2.5,Cqca,12869.0,30009.0,27649.0
,7.5,Ripe,34089.0,39799.0,37579.0
29/12/2025,10.0,Ripe,36099.0,41097.0,39749.0
,10.0,Chali,43599.0,47609.0,45789.0
,5.300000000000001,Factory,7089.0,24829.0,22699.0
,2.5,Cqca,12509.0,29999.0,25729.0
,4.0,Chippu,26089.0,34599.0,32489.0
31/12/2025,10.0,Chali,43599.0,48399.0,46749.0
,0.2,Bette,34199.0,50099.0,47819.0
,4.5,Chippu,27089.0,34699.0,32659.0
,10.200000000000001,Ripe,37509.0,43213.0,40379.0
,3.5,Factory,9089.0,24829.0,21399.0
,2.0,Cqca,15019.0,30109.0,28469.0
Market Name : Kundapura APMC
30/12/2025,3.6,Ripe,30000.0,41500.0,41000.0
Market Name : Madikeri APMC
11/12/2025,2.5,Pylone,4000.0,4000.0,4000.0
18/12/2025,6.300000000000001,Pylone,4000.0,4000.0,4000.0
20/12/2025,4.3,Raw,48294.0,48294.0,48294.0
,14.0,Pylone,4300.0,4500.0,4500.0
29/12/2025,20.0,Pylone,4500.0,4500.0,4500.0
30/12/2025,14.5,Pylone,4500.0,4800.0,4800.0
Market Name : Malur APMC
18/12/2025,0.4,Red,45000.0,80000.0,50000.0
Market Name : Mangalore APMC
01/12/2025,5.0,New Variety,30500.0,41000.0,32000.0
15/12/2025,5.0,New Variety,30500.0,41500.0,32000.0
18/12/2025,5.0,Cqca,25000.0,35000.0,30000.0
26/12/2025,5.0,Cqca,25000.0,35000.0,30000.0
Market Name : Piriya Pattana APMC
12/12/2025,1.5,Sippegotu,10000.0,10000.0,10000.0
18/12/2025,2.7,Sippegotu,12000.0,12000.0,12000.0
22/12/2025,10.100000000000001,Red,27500.0,27500.0,27500.0
Market Name : Puttur APMC
01/12/2025,2.6,New Variety,26000.0,41000.0,30000.0
,14.3,Cqca,20000.0,35000.0,28000.0
02/12/2025,36.300000000000004,Cqca,20000.0,35000.0,29000.0
,10.9,New Variety,26000.0,41000.0,30000.0
03/12/2025,11.5,Cqca,20000.0,35000.0,29800.0
,22.700000000000003,New Variety,26000.0,41000.0,32000.0
04/12/2025,7.4,Cqca,20000.0,35000.0,29250.0
,20.8,New Variety,26000.0,41000.0,30300.0
06/12/2025,6.5,Cqca,20000.0,35000.0,29000.0
,7.4,New Variety,26000.0,41000.0,30400.0
08/12/2025,13.100000000000001,Cqca,20000.0,35000.0,29000.0
,10.100000000000001,New Variety,26000.0,41000.0,30400.0
09/12/2025,5.800000000000001,Cqca,20000.0,35000.0,28000.0
,4.9,New Variety,26000.0,41000.0,29200.0
10/12/2025,29.6,Cqca,20000.0,35000.0,29700.0
,29.200000000000003,New Variety,26000.0,41000.0,31000.0
11/12/2025,22.8,Cqca,20000.0,35000.0,29000.0
,17.0,New Variety,26000.0,41000.0,34800.0
12/12/2025,28.5,New Variety,26000.0,41000.0,30500.0
,32.1,Cqca,20000.0,35000.0,27500.0
15/12/2025,70.0,Cqca,20000.0,35000.0,26300.0
,22.200000000000003,New Variety,26000.0,41500.0,34100.0
17/12/2025,12.700000000000001,Cqca,20000.0,35000.0,27500.0
,9.700000000000001,New Variety,26000.0,41000.0,30000.0
20/12/2025,10.100000000000001,Cqca,20000.0,35000.0,28500.0
,16.6,New Variety,26000.0,41500.0,30000.0
22/12/2025,20.200000000000003,Cqca,20000.0,35000.0,28000.0
,17.8,New Variety,26000.0,41500.0,30300.0
23/12/2025,24.400000000000002,Cqca,20000.0,35000.0,29000.0
,18.5,New Variety,26000.0,41500.0,30000.0
24/12/2025,9.5,New Variety,26000.0,41500.0,30000.0
,11.200000000000001,Cqca,20000.0,35000.0,29500.0
26/12/2025,13.0,Cqca,20000.0,35000.0,26000.0
,6.5,New Variety,26000.0,41500.0,30000.0
30/12/2025,11.200000000000001,New Variety,26000.0,41500.0,30000.0
,18.7,Cqca,20000.0,35000.0,26800.0
31/12/2025,12.700000000000001,New Variety,26000.0,41500.0,31000.0
,19.200000000000003,Cqca,20000.0,35000.0,28500.0
Market Name : Sagar APMC
01/12/2025,1.2000000000000002,Cqca,10022.0,36399.0,35009.0
,2.0,Sippegotu,15399.0,23300.0,22109.0
,0.4,Kempugotu,17009.0,40899.0,39699.0
,1.2000000000000002,Bilegotu,19699.0,34466.0,33689.0
,12.200000000000001,Chali,32399.0,42599.0,41899.0
,33.1,Rashi,48199.0,61910.0,58515.0
02/12/2025,6.300000000000001,Cqca,34499.0,34499.0,34499.0
,18.900000000000002,Rashi,57270.0,61970.0,57270.0
,7.9,Chali,41470.0,42219.0,41470.0
,3.4000000000000004,Bilegotu,34299.0,34599.0,34299.0
,0.1,Sippegotu,22399.0,22399.0,22399.0
04/12/2025,1.4000000000000001,Sippegotu,10399.0,23500.0,22289.0
,16.5,Chali,32599.0,42509.0,41900.0
,22.700000000000003,Rashi,36599.0,62888.0,58570.0
,2.1,Bilegotu,17254.0,36599.0,33699.0
,0.8,Cqca,12099.0,35599.0,32699.0
,1.4000000000000001,Kempugotu,34299.0,42399.0,41699.0
10/12/2025,2.0,Sippegotu,22269.0,22269.0,22269.0
11/12/2025,7.2,Chali,33500.0,42719.0,41599.0
,0.6000000000000001,Bilegotu,13269.0,35166.0,33866.0
,0.30000000000000004,Kempugotu,30199.0,41399.0,36899.0
,0.2,Sippegotu,8989.0,23600.0,22509.0
,0.1,Cqca,10600.0,36399.0,33989.0
,18.3,Rashi,42009.0,60610.0,56229.0
15/12/2025,63.400000000000006,Rashi,44270.0,60570.0,55900.0
,19.900000000000002,Chali,33500.0,42509.0,41555.0
,10.4,Cqca,12799.0,32989.0,28699.0
,2.4000000000000004,Kempugotu,27129.0,38699.0,37699.0
,13.5,Bilegotu,18299.0,35555.0,33969.0
16/12/2025,41.1,Rashi,54029.0,54029.0,54029.0
,2.6,Bilegotu,24599.0,25006.0,24599.0
,2.7,Sippegotu,23699.0,23699.0,23699.0
,4.9,Cqca,26989.0,26989.0,26989.0
,6.1000000000000005,Chali,36299.0,41399.0,37999.0
18/12/2025,0.5,Bilegotu,18099.0,34025.0,32066.0
,3.1,Sippegotu,7899.0,23799.0,21555.0
,0.5,Cqca,12099.0,33109.0,29099.0
,1.1,Kempugotu,28999.0,38899.0,35409.0
,7.0,Chali,23829.0,42509.0,40899.0
,41.400000000000006,Rashi,43999.0,60988.0,55199.0
19/12/2025,0.5,Sippegotu,21269.0,21269.0,21269.0
22/12/2025,6.9,Bilegotu,16269.0,33645.0,31066.0
,12.5,Cqca,16999.0,34699.0,29699.0
,4.2,Kempugotu,24989.0,38699.0,35899.0
,3.9000000000000004,Sippegotu,10489.0,23659.0,21299.0
,51.6,Rashi,45889.0,60000.0,55029.0
,11.8,Chali,35199.0,42399.0,41999.0
23/12/2025,2.5,Sippegotu,22599.0,23596.0,23596.0
,49.5,Rashi,54409.0,54409.0,54409.0
29/12/2025,9.600000000000001,Chali,28099.0,43100.0,42599.0
,1.6,Kempugotu,25099.0,41899.0,39399.0
,2.4000000000000004,Bilegotu,9909.0,33801.0,31199.0
,2.3000000000000003,Cqca,8099.0,35399.0,32699.0
,13.5,Sippegotu,8309.0,24000.0,23711.0
,54.7,Rashi,45009.0,61888.0,57589.0
30/12/2025,2.0,Cqca,19519.0,30199.0,26099.0
,0.4,Bilegotu,33285.0,33285.0,33285.0
,37.0,Rashi,55669.0,57170.0,56361.0
,2.4000000000000004,Chali,37099.0,42899.0,37099.0
Market Name : Shimoga APMC
01/12/2025,0.8,Saraku,63999.0,76796.0,67240.0
,9.5,Rashi,43199.0,59299.0,58559.0
,140.1,Gorabalu,19010.0,43011.0,39099.0
,20.0,New Variety,47399.0,59099.0,57089.0
,0.1,Bette,48100.0,57599.0,56609.0
Market Name : Shimoga(Theertahalli) APMC
02/12/2025,1.0,Sippegotu,14000.0,14000.0,14000.0
03/12/2025,1.0,Sippegotu,14000.0,14000.0,14000.0
04/12/2025,1.2000000000000002,Sippegotu,14000.0,14000.0,14000.0
05/12/2025,1.5,Sippegotu,14000.0,14000.0,14000.0
08/12/2025,1.2000000000000002,Sippegotu,15000.0,15000.0,15000.0
09/12/2025,3.5,Sippegotu,14000.0,15000.0,14000.0
10/12/2025,2.8000000000000003,Sippegotu,14000.0,14000.0,14000.0
11/12/2025,1.0,Gorabalu,28000.0,28000.0,28000.0
13/12/2025,75.10000000000001,Rashi,48869.0,57100.0,55969.0
,2.8000000000000003,Bette,55029.0,65309.0,63109.0
,56.800000000000004,Gorabalu,34069.0,40854.0,37899.0
,9.5,Saraku,71000.0,91880.0,85545.0
,3.1,EDI,40200.0,57100.0,55911.0
20/12/2025,32.9,Gorabalu,31570.0,38909.0,37199.0
,6.800000000000001,Saraku,75629.0,91700.0,85059.0
,5.300000000000001,Bette,46099.0,66029.0,64529.0
,71.8,Rashi,41101.0,55500.0,54811.0
,2.7,EDI,37199.0,55500.0,54711.0
27/12/2025,4.1000000000000005,Bette,57329.0,65600.0,64099.0
,3.9000000000000004,Saraku,70029.0,88100.0,77309.0
,48.300000000000004,Gorabalu,30221.0,39299.0,37699.0
,2.8000000000000003,EDI,37219.0,58200.0,57509.0
,51.900000000000006,Rashi,36699.0,58200.0,57599.0
Market Name : Siddapur APMC
16/12/2025,1.8,Bilegotu,27389.0,36408.0,32329.0
,12.700000000000001,Chali,40189.0,47569.0,46569.0
,0.4,Tattibettee,34919.0,45699.0,41089.0
,0.4,Kempugotu,24589.0,33111.0,30689.0
,2.0,Cqca,22619.0,29312.0,26719.0
,14.0,Rashi,51899.0,56469.0,55389.0
26/12/2025,1.6,Bilegotu,26809.0,36209.0,35809.0
,6.0,Chali,41899.0,47699.0,47699.0
,0.6000000000000001,Ripe,32089.0,37399.0,34799.0
,1.3,Cqca,20699.0,33119.0,23789.0
,10.3,Rashi,47699.0,55619.0,54799.0
,0.4,Tattibettee,34000.0,49599.0,49300.0
,0.30000000000000004,Kempugotu,31319.0,34689.0,33309.0
Market Name : Sirsi APMC
01/12/2025,0.7000000000000001,Bette,41299.0,53099.0,46790.0
,0.9,Kempugotu,24118.0,33199.0,31132.0
,49.1,Chali,38819.0,48861.0,46881.0
,3.6,Rashi,56099.0,60999.0,58574.0
,17.400000000000002,Bilegotu,31618.0,39418.0,36312.0
02/12/2025,63.0,Chali,42119.0,49261.0,46514.0
,16.2,Bilegotu,17104.0,39099.0,32993.0
,8.700000000000001,Rashi,53199.0,58999.0,55842.0
,0.2,Kempugotu,30823.0,35823.0,33111.0
,1.4000000000000001,Bette,38723.0,52699.0,45546.0
03/12/2025,0.2,Kempugotu,20099.0,35599.0,29299.0
,12.4,Bilegotu,25771.0,38398.0,34394.0
,8.0,Rashi,55299.0,59529.0,57080.0
,0.5,Bette,42699.0,49499.0,46399.0
,21.8,Chali,44099.0,49499.0,46696.0
04/12/2025,0.6000000000000001,Bette,40096.0,52309.0,47052.0
,24.700000000000003,Chali,44099.0,49208.0,46973.0
,0.2,Kempugotu,26069.0,36289.0,32652.0
,4.1000000000000005,Bilegotu,31109.0,38711.0,35478.0
,2.8000000000000003,Rashi,54659.0,60009.0,57086.0
09/12/2025,1.6,Bette,41509.0,53299.0,47399.0
,14.100000000000001,Rashi,53699.0,58698.0,55518.0
,93.80000000000001,Chali,42199.0,49411.0,47238.0
,20.900000000000002,Bilegotu,25099.0,39699.0,34709.0
,0.2,Kempugotu,22599.0,45699.0,28562.0
10/12/2025,24.3,Chali,44508.0,49111.0,47049.0
,4.2,Bilegotu,20099.0,38098.0,31936.0
,6.1000000000000005,Rashi,53298.0,59866.0,55130.0
,1.1,Bette,39699.0,52979.0,44950.0
,0.30000000000000004,Kempugotu,21699.0,32899.0,27299.0
11/12/2025,5.0,Rashi,52799.0,58398.0,55618.0
,32.9,Chali,43099.0,48500.0,46911.0
,0.6000000000000001,Bette,40699.0,51099.0,44617.0
,0.1,Kempugotu,21699.0,32169.0,26696.0
,4.1000000000000005,Bilegotu,26709.0,37808.0,34987.0
15/12/2025,5.800000000000001,Bilegotu,28199.0,38189.0,34549.0
,0.2,Kempugotu,22222.0,35099.0,28757.0
,7.300000000000001,Rashi,49979.0,58061.0,54902.0
,39.400000000000006,Chali,41099.0,48899.0,47388.0
,0.8,Bette,38009.0,51269.0,43488.0
16/12/2025,28.900000000000002,Bilegotu,21310.0,37718.0,32830.0
,0.30000000000000004,Kempugotu,18311.0,38619.0,25785.0
,55.6,Chali,38509.0,48999.0,46547.0
,0.9,Bette,36899.0,52089.0,44428.0
,11.8,Rashi,48299.0,57561.0,54107.0
17/12/2025,0.1,Kempugotu,21109.0,35099.0,28301.0
,5.4,Rashi,51099.0,57561.0,53688.0
,0.9,Bette,42099.0,47289.0,45099.0
,2.9000000000000004,Bilegotu,20786.0,37599.0,31929.0
,17.2,Chali,41141.0,48982.0,46442.0
18/12/2025,0.5,Bette,41899.0,51299.0,46904.0
,3.6,Bilegotu,23199.0,37509.0,31232.0
,24.200000000000003,Chali,45298.0,48761.0,47731.0
,0.30000000000000004,Kempugotu,26199.0,34699.0,30855.0
,4.6000000000000005,Rashi,52099.0,58099.0,54712.0
19/12/2025,41.6,Chali,42109.0,48781.0,46215.0
,0.2,Kempugotu,16018.0,35699.0,26862.0
,5.0,Bilegotu,25999.0,37718.0,34273.0
,1.9000000000000001,Bette,41699.0,53099.0,46740.0
,9.9,Rashi,52518.0,56999.0,54022.0
20/12/2025,4.2,Bilegotu,23333.0,36500.0,32699.0
,14.0,Chali,34479.0,48478.0,46948.0
,0.2,Bette,39699.0,48299.0,45936.0
,0.1,Kempugotu,24699.0,42099.0,39099.0
,2.8000000000000003,Rashi,48141.0,60109.0,55760.0
22/12/2025,1.7000000000000002,Bette,36899.0,50899.0,44359.0
,22.8,Chali,44649.0,48711.0,47206.0
,6.6000000000000005,Rashi,46099.0,60099.0,54864.0
,32.6,Bilegotu,22699.0,38299.0,34348.0
,0.1,Kempugotu,32099.0,32099.0,32099.0
23/12/2025,38.400000000000006,Chali,40099.0,48672.0,46664.0
,0.1,Kempugotu,24699.0,35219.0,31103.0
,10.100000000000001,Rashi,48061.0,58106.0,54327.0
,3.7,Bette,37899.0,52609.0,46682.0
,4.7,Bilegotu,23199.0,39299.0,30954.0
26/12/2025,11.600000000000001,Rashi,51699.0,59099.0,54207.0
,3.9000000000000004,Bilegotu,22799.0,38099.0,33926.0
,0.2,Kempugotu,27899.0,35989.0,32757.0
,1.9000000000000001,Bette,40299.0,49899.0,46659.0
,21.0,Chali,43280.0,49099.0,47883.0
29/12/2025,9.8,Rashi,49299.0,56861.0,54761.0
,0.5,Bette,38899.0,50015.0,44448.0
,27.700000000000003,Bilegotu,21699.0,38469.0,29158.0
,15.5,Chali,44150.0,49799.0,48275.0
,0.2,Kempugotu,19800.0,43518.0,28566.0
30/12/2025,3.4000000000000004,Bilegotu,20600.0,38689.0,30056.0
,2.0,Bette,37189.0,52108.0,44855.0
,0.2,Kempugotu,19219.0,38489.0,33632.0
,23.5,Chali,44299.0,49819.0,48238.0
,12.5,Rashi,47009.0,57699.0,54556.0
Market Name : Sulya APMC
01/12/2025,37.1,Cqca,19000.0,30000.0,25000.0
02/12/2025,25.0,New Variety,30500.0,41000.0,32500.0
,48.6,Cqca,19000.0,30000.0,25000.0
03/12/2025,54.300000000000004,Cqca,19000.0,30000.0,25000.0
04/12/2025,52.7,Cqca,19000.0,30000.0,25000.0
10/12/2025,68.3,Cqca,19000.0,30000.0,25000.0
15/12/2025,45.5,Cqca,19000.0,30000.0,25000.0
16/12/2025,2.6,Cqca,19000.0,30000.0,25000.0
18/12/2025,74.0,Cqca,18000.0,30000.0,24000.0
19/12/2025,11.700000000000001,Cqca,18000.0,30000.0,24000.0
20/12/2025,11.700000000000001,Cqca,18000.0,30000.0,24000.0
22/12/2025,18.0,Cqca,18000.0,30000.0,24000.0
23/12/2025,28.5,Cqca,18000.0,30000.0,24000.0
24/12/2025,31.900000000000002,Cqca,18000.0,30000.0,24000.0
,27.0,New Variety,30500.0,41500.0,34300.0
26/12/2025,89.9,Cqca,18000.0,30000.0,24000.0
29/12/2025,3.0,New Variety,30500.0,41500.0,33700.0
,54.1,Cqca,18000.0,30000.0,24000.0
31/12/2025,9.3,Cqca,18000.0,30000.0,24000.0
Market Name : Tumkur APMC
03/12/2025,51.7,Rashi,54000.0,56800.0,55100.0
16/12/2025,25.0,Rashi,50800.0,53000.0,51600.0
19/12/2025,45.300000000000004,Rashi,50000.0,53500.0,51200.0
24/12/2025,18.2,Rashi,50000.0,53200.0,51000.0
29/12/2025,200.70000000000002,Rashi,52000.0,54100.0,53200.0
Market Name : Turvekere APMC
01/12/2025,6.6000000000000005,Chali,26000.0,31000.0,26000.0
15/12/2025,15.8,Chali,23500.0,26000.0,25000.0
Market Name : Yellapur APMC
02/12/2025,2.5,Tattibettee,36709.0,51565.0,47310.0
,7.4,Cqca,12109.0,32369.0,28099.0
,0.1,Ripe,40815.0,40815.0,40815.0
,16.5,Rashi,52109.0,65675.0,60009.0
,0.7000000000000001,Kempugotu,14899.0,35690.0,34100.0
,0.30000000000000004,api,66899.0,77175.0,67795.0
,12.0,Chali,38119.0,48899.0,47399.0
,3.6,Bilegotu,13909.0,36189.0,33009.0
04/12/2025,6.300000000000001,Cqca,14899.0,29502.0,22137.0
,0.1,api,50119.0,73899.0,68505.0
,3.3000000000000003,Tattibettee,34969.0,53199.0,50454.0
,1.1,Bilegotu,13618.0,34289.0,25561.0
,3.0,Rashi,38899.0,64921.0,59769.0
,0.6000000000000001,Kempugotu,13618.0,37016.0,31247.0
,0.9,Ripe,32219.0,37600.0,35759.0
,2.2,Chali,36009.0,48819.0,45805.0
09/12/2025,22.6,Rashi,50661.0,65889.0,60889.0
,2.9000000000000004,Bilegotu,11669.0,35501.0,31412.0
,0.2,api,66919.0,77175.0,71869.0
,4.3,Tattibettee,32100.0,54921.0,48915.0
,1.2000000000000002,Kempugotu,12109.0,37699.0,29336.0
,7.5,Cqca,9609.0,32989.0,25604.0
,0.30000000000000004,Ripe,33899.0,36699.0,35319.0
11/12/2025,0.30000000000000004,Ripe,34089.0,38723.0,36031.0
,2.3000000000000003,Tattibettee,32989.0,52415.0,48103.0
,0.1,api,63369.0,69775.0,65836.0
,1.1,Bilegotu,14329.0,34719.0,27804.0
,5.300000000000001,Cqca,8612.0,27502.0,19315.0
,1.4000000000000001,Kempugotu,12699.0,36899.0,29728.0
,19.3,Rashi,47477.0,65199.0,57536.0
12/12/2025,3.4000000000000004,Tattibettee,34506.0,52219.0,45835.0
,0.4,api,55269.0,73875.0,64965.0
,30.8,Rashi,52500.0,64950.0,55997.0
,0.4,Ripe,34899.0,39691.0,37003.0
,2.4000000000000004,Kempugotu,12109.0,37969.0,30672.0
,3.9000000000000004,Bilegotu,11209.0,35496.0,28615.0
,7.1000000000000005,Cqca,12619.0,30689.0,21487.0
15/12/2025,0.7000000000000001,Kempugotu,22601.0,34913.0,33421.0
,1.0,Bilegotu,13612.0,34773.0,20727.0
,14.200000000000001,Rashi,45129.0,62421.0,54217.0
,2.3000000000000003,Tattibettee,40669.0,55659.0,47826.0
,2.4000000000000004,Chali,32129.0,47489.0,40201.0
,0.1,api,60601.0,79421.0,63821.0
,1.8,Cqca,12969.0,26869.0,20288.0
16/12/2025,2.5,Bilegotu,13318.0,35009.0,32439.0
,0.1,api,53199.0,69755.0,64353.0
,1.2000000000000002,Kempugotu,14099.0,37619.0,33189.0
,5.6000000000000005,Tattibettee,38010.0,52921.0,46621.0
,40.2,Rashi,50799.0,63369.0,57699.0
,8.0,Cqca,12900.0,30799.0,26199.0
,0.5,Ripe,34299.0,40699.0,37073.0
18/12/2025,0.1,Kempugotu,14899.0,38701.0,33699.0
,3.8000000000000003,Cqca,7009.0,29618.0,22899.0
,0.30000000000000004,Bilegotu,13699.0,34209.0,24899.0
,6.0,Chali,32899.0,47809.0,44699.0
,16.900000000000002,Rashi,50510.0,63179.0,57189.0
,0.1,api,57199.0,66666.0,58269.0
,1.4000000000000001,Tattibettee,36000.0,53100.0,46650.0
,1.2000000000000002,Ripe,33333.0,36209.0,35299.0
19/12/2025,7.300000000000001,Cqca,12899.0,28999.0,25399.0
,33.2,Rashi,48119.0,65475.0,58799.0
,5.7,Tattibettee,38010.0,52869.0,47799.0
,0.2,Ripe,32699.0,39699.0,36409.0
,0.30000000000000004,api,66669.0,76175.0,76175.0
,1.5,Kempugotu,15112.0,37311.0,33699.0
,2.2,Bilegotu,14099.0,35899.0,28009.0
22/12/2025,0.1,api,63699.0,72421.0,64821.0
,12.9,Rashi,50601.0,61009.0,56799.0
,2.7,Cqca,12009.0,26929.0,18812.0
,1.1,Bilegotu,14199.0,36551.0,33319.0
,1.1,Tattibettee,38506.0,50499.0,48821.0
,2.1,Ripe,38101.0,38101.0,38101.0
,0.8,Kempugotu,12699.0,36399.0,33899.0
23/12/2025,0.2,Ripe,34099.0,37151.0,35899.0
,0.1,api,59930.0,70021.0,66821.0
,2.0,Bilegotu,16899.0,36199.0,27619.0
,2.2,Kempugotu,16786.0,37969.0,33969.0
,6.4,Tattibettee,38800.0,50989.0,48999.0
,7.6000000000000005,Cqca,14909.0,27212.0,18600.0
,40.5,Rashi,51199.0,63519.0,56799.0
26/12/2025,2.3000000000000003,Kempugotu,13600.0,36715.0,34099.0
,0.30000000000000004,api,64399.0,72421.0,66921.0
,57.900000000000006,Rashi,50921.0,63900.0,58999.0
,11.5,Cqca,11099.0,30899.0,24899.0
,2.2,Bilegotu,14900.0,35020.0,28899.0
,7.1000000000000005,Tattibettee,37309.0,51821.0,46600.0
,2.0,Ripe,35699.0,38329.0,36709.0
29/12/2025,0.2,Ripe,31899.0,38222.0,35399.0
,2.2,Tattibettee,38520.0,50921.0,47999.0
,0.8,Kempugotu,19699.0,37699.0,35189.0
,0.30000000000000004,Bilegotu,20699.0,32899.0,26299.0
,3.5,Cqca,11899.0,29499.0,24602.0
,12.600000000000001,Rashi,51896.0,62470.0,57889.0
,0.2,api,63790.0,73821.0,68421.0
30/12/2025,28.8,Rashi,51499.0,62821.0,58699.0
,1.4000000000000001,Bilegotu,13909.0,35699.0,26969.0
,0.4,api,64599.0,70499.0,68001.0
,4.9,Tattibettee,37819.0,53090.0,49090.0
,1.1,Ripe,34166.0,38750.0,37099.0
,6.6000000000000005,Cqca,11069.0,29899.0,24899.0
,2.4000000000000004,Kempugotu,14899.0,37772.0,34699.0
